Name,Status,Salary,Pay Basis,Position Title
"Aberger, Marie E.",Employee,"$42,000.00 ",Per Annum,PRESS ASSISTANT
"Abraham, Yohannes A.",Employee,"$120,000.00 ",Per Annum,SPECIAL ASSISTANT TO THE PRESIDENT AND CHIEF OF STAFF FOR THE OFFICE OF PUBLIC ENGAGEMENT AND INTERGOVERNMENTAL AFFAIRS
"Adler, Caroline E.",Employee,"$75,000.00 ",Per Annum,DEPUTY COMMUNICATIONS DIRECTOR
"Agnew, David P.",Employee,"$153,500.00 ",Per Annum,DEPUTY ASSISTANT TO THE PRESIDENT AND DIRECTOR OF INTERGOVERNMENTAL AFFAIRS
"Aguilar, Rita C.",Employee,"$90,000.00 ",Per Annum,SENIOR CONFIRMATIONS ADVISOR
"Ahmed, Rumana A.",Employee,"$42,565.00 ",Per Annum,EXECUTIVE ASSISTANT TO THE DIRECTOR OF PUBLIC ENGAGEMENT
"Albino, James ",Employee,"$93,000.00 ",Per Annum,SENIOR PROGRAM MANAGER
"Alcantara, Elias ",Employee,"$42,000.00 ",Per Annum,STAFF ASSISTANT
"Amo, Jr., Gabriel F.",Employee,"$42,000.00 ",Per Annum,STAFF ASSISTANT
"Anderson, Amanda D.",Employee,"$102,000.00 ",Per Annum,SPECIAL ASSISTANT TO THE PRESIDENT FOR LEGISLATIVE AFFAIRS
"Aniskoff, Paulette L.",Employee,"$153,500.00 ",Per Annum,DEPUTY ASSISTANT TO THE PRESIDENT AND DIRECTOR OF THE OFFICE OF PUBLIC ENGAGEMENT
"Arguelles, Adam J.",Employee,"$102,000.00 ",Per Annum,SPECIAL ASSISTANT TO THE PRESIDENT FOR LEGISLATIVE AFFAIRS
"Asen, Jonathan D.",Employee,"$55,000.00 ",Per Annum,SPECIAL ASSISTANT TO THE DEPUTY CHIEF OF STAFF
"Atkinson, Caroline M.",Employee,"$130,500.00 ",Per Annum,SPECIAL ASSISTANT TO THE PRESIDENT FOR INTERNATIONAL ECONOMIC AFFAIRS
"August, Hannah M.",Employee,"$70,000.00 ",Per Annum,PRESS SECRETARY TO THE FIRST LADY
"Avila, Steven A.",Employee,"$42,000.00 ",Per Annum,ANALYST
"Ayling, Lindsay A.",Employee,"$50,000.00 ",Per Annum,SENIOR WRITER
"Baker, Lamar W.",Detailee,"$134,999.00 ",Per Annum,ASSOCIATE COUNSEL
"Barnes, Desiree N.",Employee,"$42,000.00 ",Per Annum,PRESS ASSISTANT
"Barrett, Alexis S.",Employee,"$78,000.00 ",Per Annum,SENIOR POLICY ADVISOR
"Bartoloni, Kristen A.",Employee,"$55,000.00 ",Per Annum,ASSOCIATE RESEARCH DIRECTOR
"Baskerville, Mary E.",Employee,"$47,000.00 ",Per Annum,ASSOCIATE DIRECTOR FOR TRAVEL PLANNING
"Bates, Andrew J.",Employee,"$45,000.00 ",Per Annum,RESEARCHER
"Beechem, Stephanie ",Employee,"$45,000.00 ",Per Annum,RESEARCHER
"Belford, Brandon M.",Employee,"$90,000.00 ",Per Annum,SENIOR POLICY ADVISOR
"Beliveau, Emmett S.",Employee,"$158,500.00 ",Per Annum,DEPUTY ASSISTANT TO THE PRESIDENT AND DIRECTOR OF THE WHITE HOUSE MILITARY OFFICE
"Bernard, Jeremy M.",Employee,"$118,000.00 ",Per Annum,SPECIAL ASSISTANT TO THE PRESIDENT AND WHITE HOUSE SOCIAL SECRETARY
"Bernton, Jeremy W.",Employee,"$55,000.00 ",Per Annum,OUTREACH AND RECRUITMENT DIRECTOR (COMMUNITY ORGANIZATIONS)
"Berrigan, Elizabeth D.",Detailee,"$152,635.00 ",Per Annum,ETHICS COUNSEL
"Binns, Mary U.",Employee,"$72,022.00 ",Per Annum,SPECIAL ASSISTANT
"Blair, Patricia A.",Employee,"$96,725.00 ",Per Annum,CHIEF CALLIGRAPHER
"Blakemore, Jessica M.",Employee,"$60,000.00 ",Per Annum,SPECIAL ASSISTANT TO THE COUNSELOR TO THE PRESIDENT
"Blinken, Antony J.",Employee,"$172,200.00 ",Per Annum,ASSISTANT TO THE PRESIDENT AND DEPUTY NATIONAL SECURITY ADVISOR
"Blossom, Kellyn H.",Employee,"$70,000.00 ",Per Annum,ASSOCIATE DIRECTOR OF INTERGOVERNMENTAL AFFAIRS
"Blount, Patricia H.",Employee,"$51,630.00 ",Per Annum,RECORDS MANAGEMENT ANALYST
"Bollinger, Chelsea M.",Employee,"$42,000.00 ",Per Annum,STAFF ASSISTANT
"Branch, Katherine Y.",Employee,"$70,000.00 ",Per Annum,DIRECTOR OF SPECIAL PROJECTS AND SPECIAL ASSISTANT TO THE SENIOR ADVISOR
"Brandt, Kate E.",Detailee,"$92,001.00 ",Per Annum,ENERGY/ENVIRONMENT DIRECTOR FOR PRESIDENTIAL PERSONNEL
"Breckenridge, Anita J.",Employee,"$120,000.00 ",Per Annum,SPECIAL ASSISTANT TO THE PRESIDENT AND PERSONAL AIDE TO THE PRESIDENT
"Broadie, Kristina T.",Employee,"$45,000.00 ",Per Annum,TRAVEL PLANNER
"Brooke, Mary J.",Employee,"$97,936.00 ",Per Annum,SUPERVISOR OF CORRESPONDENCE REVIEW
"Brooks, Jordan A.",Employee,"$50,000.00 ",Per Annum,SPECIAL ASSISTANT TO THE CHIEF OF STAFF TO THE FIRST LADY
"Brown, Debra S.",Employee,"$85,953.00 ",Per Annum,CALLIGRAPHER
"Brown, Tramaine D.",Employee,"$50,000.00 ",Per Annum,SCHEDULING ASSISTANT AND TRIP COORDINATOR 
"Brundage, Amy J.",Employee,"$103,000.00 ",Per Annum,SPECIAL ASSISTANT TO THE PRESIDENT AND DEPUTY PRESS SECRETARY
"Brush, Michael P.",Employee,"$102,000.00 ",Per Annum,SPECIAL ASSISTANT TO THE PRESIDENT AND DEPUTY DIRECTOR OF ADVANCE
"Buckhout, Scott E.",Employee,"$45,000.00 ",Per Annum,POLICY ASSISTANT
"Burger, Jillian M.",Employee,"$42,000.00 ",Per Annum,ANALYST
"Burke, Jordan M.",Employee,"$82,500.00 ",Per Annum,SPECIAL ASSISTANT TO THE PRESIDENT AND ASSISTANT COMMUNICATIONS DIRECTOR
"Calderon, Tovah R.",Detailee,"$155,500.00 ",Per Annum,SENIOR POLICY ADVISOR
"Campbell, Frances L.",Employee,"$103,872.00 ",Per Annum,"SUPERVISOR, DOCUMENT MANAGEMENT AND TRACKING UNIT"
"Campos, David R.",Employee,"$42,565.00 ",Per Annum,SENIOR ANALYST
"Canegallo, Kristie A.",Employee,"$120,000.00 ",Per Annum,SPECIAL ASSISTANT TO THE PRESIDENT AND ADVISOR TO THE CHIEF OF STAFF
"Cardenas, Anne R.",Employee,"$42,000.00 ",Per Annum,ANALYST
"Carmen, Evan S.",Employee,"$42,000.00 ",Per Annum,ANALYST
"Carney, James F.",Employee,"$172,200.00 ",Per Annum,ASSISTANT TO THE PRESIDENT AND PRESS SECRETARY
"Carroll, Bradley W.",Employee,"$78,000.00 ",Per Annum,COMMUNICATIONS DIRECTOR OF THE DOMESTIC POLICY COUNCIL AND OFFICE OF NATIONAL AIDS POLICY
"Casey, Kinsey E.",Employee,"$55,000.00 ",Per Annum,NATIONAL SECURITY DIRECTOR FOR PRESIDENTIAL PERSONNEL
"Chaurand, Teresa R.",Employee,"$113,000.00 ",Per Annum,SPECIAL ASSISTANT TO THE PRESIDENT FOR PRESIDENTIAL PERSONNEL
"Childress, Mark B.",Employee,"$172,200.00 ",Per Annum,ASSISTANT TO THE PRESIDENT AND DEPUTY CHIEF OF STAFF FOR PLANNING
"Chiodo, Theodore A.",Employee,"$90,000.00 ",Per Annum,"CHIEF OF STAFF, OFFICE OF THE STAFF SECRETARY"
"Cho, Ronnie S.",Employee,"$65,000.00 ",Per Annum,ASSOCIATE DIRECTOR OF PUBLIC ENGAGEMENT
"Clark, Melanca D.",Detailee,"$140,259.00 ",Per Annum,SENIOR POLICY ADVISOR
"Claude, Lilia H.",Employee,"$60,232.00 ",Per Annum,INFORMATION SERVICES OPERATOR
"Click, John S.",Employee,"$45,024.00 ",Per Annum,INFORMATION SERVICES OPERATOR
"Cobbina, Kwesi A.",Employee,"$95,000.00 ",Per Annum,SPECIAL ASSISTANT TO THE PRESIDENT AND POLICY ADVISOR TO THE OFFICE OF THE CHIEF OF STAFF
"Coccaro, Kasie M.",Employee,"$47,500.00 ",Per Annum,ASSOCIATE DIRECTOR OF ONLINE OUTREACH AND OPERATIONS
"Cohen, David Z.",Employee,"$50,000.00 ",Per Annum,ASSISTANT DIRECTOR FOR CABINET AFFAIRS OPERATIONS
"Cohen, Elyse",Employee,$0.00 ,Per Annum,"DEPUTY DIRECTOR, LET'S MOVE!"
"Cohen, Evan N.",Employee,"$42,000.00 ",Per Annum,ANALYST
"Cohen, Ilona R.",Employee,"$130,500.00 ",Per Annum,SPECIAL ASSISTANT TO THE PRESIDENT AND ASSOCIATE COUNSEL TO THE PRESIDENT
"Cohen, Nora E.",Employee,"$55,000.00 ",Per Annum,SPECIAL ASSISTANT AND ADVANCE LEAD
"Coleman, Pamela D.",Employee,"$55,000.00 ",Per Annum,OUTREACH AND RECRUITMENT DIRECTOR
"Colfax, Grant N.",Employee,"$100,000.00 ",Per Annum,DIRECTOR OF THE OFFICE OF NATIONAL AIDS POLICY
"Compton, Matthew V.",Employee,"$67,500.00 ",Per Annum,DEPUTY DIRECTOR OF DIGITAL CONTENT
"Corrigan, Tara C.",Employee,"$65,000.00 ",Per Annum,ASSOCIATE DIRECTOR OF INTERGOVERNMENTAL AFFAIRS
"Coscia, Caroline M.",Employee,"$50,000.00 ",Per Annum,SPECIAL ASSISTANT AND PRESS LEAD
"Covey, Francesca-Maria L.",Employee,"$42,000.00 ",Per Annum,PUBLIC ENGAGEMENT LIAISON
"Crabtree, Alexandra M.",Employee,"$47,000.00 ",Per Annum,ASSOCIATE DIRECTOR OF WHITE HOUSE PERSONNEL
"Croley, Steven P.",Employee,"$158,500.00 ",Per Annum,DEPUTY ASSISTANT TO THE PRESIDENT AND DEPUTY COUNSEL TO THE PRESIDENT
"Crutchfield, Danielle M.",Employee,"$172,200.00 ",Per Annum,ASSISTANT TO THE PRESIDENT AND DIRECTOR OF SCHEDULING AND ADVANCE
"Cunnane, Patrick J.",Employee,"$42,000.00 ",Per Annum,PRESS ASSISTANT
"Cushman, Chase M.",Employee,"$68,000.00 ",Per Annum,DEPUTY DIRECTOR OF SCHEDULING
"Davis-Van Atta, Casey R.",Employee,"$50,000.00 ",Per Annum,SENIOR WRITER
"Dawe, Christopher J.",Detailee,"$136,134.00 ",Per Annum,POLICY ADVISOR FOR HEALTH CARE
"Dean, Laura A.",Employee,"$50,000.00 ",Per Annum,ASSISTANT SPEECHWRITER
"DeGuzman, Brian K.",Employee,"$56,791.00 ",Per Annum,DIRECTOR OF INFORMATION SERVICES
"DeGuzman, Jr., Danilo ",Employee,"$74,958.00 ",Per Annum,PRESIDENTIAL SUPPORT SPECIALIST
"Dennis, Stacie I.",Employee,"$42,000.00 ",Per Annum,ANALYST
"Dietz, David R.",Employee,"$42,000.00 ",Per Annum,SPECIAL ASSISTANT TO THE CHIEF OF STAFF FOR THE OFFICE OF PUBLIC ENGAGEMENT AND INTERGOVERNMENTAL AFFAIRS
"Dominguez, Daniel J.",Employee,"$114,000.00 ",Per Annum,SPECIAL ASSISTANT TO THE PRESIDENT AND ASSOCIATE COUNSEL TO THE PRESIDENT
"Donilon, Thomas E.",Employee,"$172,200.00 ",Per Annum,ASSISTANT TO THE PRESIDENT AND NATIONAL SECURITY ADVISOR
"Donovan, Michael W.",Employee,"$64,000.00 ",Per Annum,SENIOR SCHEDULER
"Dorsainvil, Monique ",Employee,"$50,000.00 ",Per Annum,DEPUTY DIRECTOR OF ADVANCE AND SPECIAL EVENTS FOR THE OFFICE OF PUBLIC ENGAGEMENT AND INTERGOVERNMENTAL AFFAIRS
"Doumet, Mark A.",Employee,"$68,500.00 ",Per Annum,CHIEF OF STAFF TO THE WHITE HOUSE COUNSEL
"Droege, Philip C.",Employee,"$140,259.00 ",Per Annum,DIRECTOR OF RECORDS MANAGEMENT
"Duceman, Katherine I.",Employee,"$42,000.00 ",Per Annum,STAFF ASSISTANT
"Dumas, Clay A.",Employee,"$60,000.00 ",Per Annum,SPECIAL ASSISTANT TO THE SENIOR ADVISOR AND THE DEPUTY CHIEF OF STAFF
"Duncan, Julia L.",Employee,"$42,000.00 ",Per Annum,EXECUTIVE ASSISTANT TO THE DIRECTOR OF THE PRESIDENTIAL PERSONNEL OFFICE
"Durheim, Joseph T.",Employee,"$42,565.00 ",Per Annum,SENIOR ANALYST
"Dyer, Deesha A.",Employee,"$65,000.00 ",Per Annum,DEPUTY DIRECTOR AND DEPUTY SOCIAL SECRETARY
"Earnest, Joshua R.",Employee,"$135,000.00 ",Per Annum,"SPECIAL ASSISTANT TO THE PRESIDENT, PRINCIPAL DEPUTY PRESS SECRETARY AND CHIEF OF STAFF"
"Edmonds, Anita J.",Employee,"$53,350.00 ",Per Annum,RECORDS MANAGEMENT ANALYST
"Elhassani, Layth S.",Employee,"$130,500.00 ",Per Annum,SPECIAL ASSISTANT TO THE PRESIDENT FOR LEGISLATIVE AFFAIRS
"Elliott, Brandace N.",Detailee,"$80,223.00 ",Per Annum,ANALYST
"Epstein, Michael S.",Employee,"$55,000.00 ",Per Annum,SPECIAL ASSISTANT AND ADVANCE LEAD
"Escobar, Felicia A.",Employee,"$93,000.00 ",Per Annum,SENIOR POLICY DIRECTOR FOR IMMIGRATION
"Fallon, Katherine B.",Employee,"$140,000.00 ",Per Annum,DEPUTY ASSISTANT TO THE PRESIDENT AND DEPUTY DIRECTOR OF COMMUNICATIONS
"Fay, Jennifer M.",Employee,"$100,000.00 ",Per Annum,DIRECTOR OF WHITE HOUSE PERSONNEL AND ADVISOR FOR MANAGEMENT AND ADMINISTRATION
"Fazili, Sameera",Detailee,"$132,009.00 ",Per Annum,SENIOR POLICY ADVISOR
"Fenn, Sarah B.",Employee,"$60,000.00 ",Per Annum,ASSISTANT COUNSEL OF ETHICS
"Fernandez, Micaela J.",Employee,"$102,000.00 ",Per Annum,SPECIAL ASSISTANT TO THE PRESIDENT AND DIRECTOR OF EVENTS AND PROTOCOL
"Ferrell, Taylor N.",Detailee,"$136,134.00 ",Per Annum,DEPUTY ASSOCIATE COUNSEL FOR PRESIDENTIAL PERSONNEL
"Feuerstein, Sara A.",Employee,"$42,000.00 ",Per Annum,WEST WING RECEPTIONIST
"Fistonich, George M.",Employee,"$45,000.00 ",Per Annum,POLICY ASSISTANT
"Fitzgerald, Quinn S.",Employee,"$42,000.00 ",Per Annum,STAFF ASSISTANT
"Florence, Justin G.",Employee,"$114,000.00 ",Per Annum,SPECIAL ASSISTANT TO THE PRESIDENT AND ASSOCIATE COUNSEL TO THE PRESIDENT
"Flores, Andrea R.",Detailee,"$51,630.00 ",Per Annum,POLICY ASSISTANT
"Fonzone, Christopher C.",Employee,"$114,000.00 ",Per Annum,SPECIAL ASSISTANT TO THE PRESIDENT AND ASSOCIATE COUNSEL TO THE PRESIDENT
"Ford, Harrison A.",Employee,"$65,000.00 ",Per Annum,ASSISTANT DIRECTOR FOR INFORMATION TECHNOLOGY
"Foster, Heather J.",Employee,"$65,000.00 ",Per Annum,PUBLIC ENGAGEMENT ADVISOR
"Freeman, Myra B.",Employee,"$73,917.00 ",Per Annum,RECORDS MANAGEMENT ANALYST
"Freshwater, Margaret E.",Employee,"$50,000.00 ",Per Annum,DIRECTOR OF CORRESPONDENCE FOR THE FIRST LADY
"Friedman, Joshua N.",Employee,"$99,000.00 ",Per Annum,DEPUTY ASSOCIATE COUNSEL
"Furman, Jason L.",Employee,"$147,500.00 ",Per Annum,ASSISTANT TO THE PRESIDENT AND PRINCIPAL DEPUTY DIRECTOR OF THE NATIONAL ECONOMIC COUNCIL
"Galbraith, Charles W.",Employee,"$70,000.00 ",Per Annum,ASSOCIATE DIRECTOR OF INTERGOVERNMENTAL AFFAIRS
"Garber, Adam W.",Employee,"$62,500.00 ",Per Annum,DEPUTY DIRECTOR OF DIGITAL CONTENT
"Gardaphe, Frederico C.",Employee,"$75,000.00 ",Per Annum,DEPUTY DIRECTOR
"Gershuny, Gregory E.",Employee,"$55,000.00 ",Per Annum,ENERGY AND ENVIRONMENT DIRECTOR
"Gerst, Jennifer T.",Employee,"$55,000.00 ",Per Annum,BOARDS AND COMMISSIONS DIRECTOR
"Gillette, Jodi A.",Employee,"$100,000.00 ",Per Annum,SENIOR POLICY ADVISOR FOR NATIVE AMERICAN AFFAIRS
"Gillum, Bria L.",Employee,"$50,000.00 ",Per Annum,POLICY ASSISTANT
"Gilson, Shannon I.",Employee,"$102,000.00 ",Per Annum,SPECIAL ASSISTANT TO THE PRESIDENT AND CABINET COMMUNICATONS DIRECTOR
"Goepfert, Stephen M.",Employee,"$50,000.00 ",Per Annum,ASSISTANT DIRECTOR
"Gonzalez, Ximena ",Employee,"$55,000.00 ",Per Annum,DEPUTY ASSOCIATE DIRECTOR
"Gottlieb, Michael D.",Employee,"$114,000.00 ",Per Annum,SPECIAL ASSISTANT TO THE PRESIDENT AND ASSOCIATE COUNSEL TO THE PRESIDENT
"Grady, Sean M.",Employee,"$42,565.00 ",Per Annum,SENIOR ANALYST
"Graham, Douglas E.",Employee,"$45,000.00 ",Per Annum,RESEARCHER
"Grant, Kathryn A.",Employee,"$45,000.00 ",Per Annum,LEGISLATIVE ASSISTANT AND ASSOCIATE DIRECTOR FOR LEGISLATIVE CORRESPONDENCE
"Gray, Danielle C.",Employee,"$172,200.00 ",Per Annum,ASSISTANT TO THE PRESIDENT AND CABINET SECRETARY
"Greenberg, Justin S.",Employee,"$42,000.00 ",Per Annum,BOARDS AND COMMISSIONS STAFF ASSISTANT
"Greenblatt, Jonathan A.",Employee,"$120,000.00 ",Per Annum,"SPECIAL ASSISTANT TO THE PRESIDENT AND DIRECTOR, OFFICE OF SOCIAL INNOVATION AND CIVIC PARTICIPATION"
"Greer, Kaitlin J.",Employee,"$42,000.00 ",Per Annum,RECORDS MANAGEMENT ANALYST
"Griffith, Kyla F.",Employee,"$45,000.00 ",Per Annum,LEGAL ASSISTANT
"Grimes, Stephen H.",Employee,"$50,000.00 ",Per Annum,ASSISTANT DIRECTOR
"Gronniger, Jerome T.",Employee,"$100,000.00 ",Per Annum,SENIOR POLICY ADVISOR
"Groth, Travis R.",Employee,"$55,000.00 ",Per Annum,DIRECTOR OF OPERATIONS
"Gunja, Mushtaq Z.",Detailee,"$100,206.00 ",Per Annum,DEPUTY ASSOCIATE COUNSEL
"Gupta, Anuj K.",Employee,"$70,000.00 ",Per Annum,ASSOCIATE STAFF SECRETARY
"Gurman, Jesse A.",Employee,"$80,000.00 ",Per Annum,DEPUTY ASSOCIATE COUNSEL FOR PRESIDENTIAL PERSONNEL
"Gustavson, Matthew J.",Employee,"$45,024.00 ",Per Annum,INFORMATION SERVICES OPERATOR
"Gwynn, II, Artemus R.",Employee,"$43,616.00 ",Per Annum,INFORMATION SERVICES OPERATOR
"Haines, Avril D.",Employee,"$158,500.00 ",Per Annum,DEPUTY ASSISTANT TO THE PRESIDENT AND DEPUTY COUNSEL TO THE PRESIDENT
"Hall, Christa A.",Employee,"$47,500.00 ",Per Annum,ASSOCIATE DIRECTOR AND TRIP MANAGER
"Hankins, Hannah R.",Employee,"$42,000.00 ",Per Annum,PRESS ASSISTANT
"Harris, Jacqueline B.",Employee,"$42,565.00 ",Per Annum,SENIOR ANALYST
"Hartz, Timothy S.",Employee,"$60,000.00 ",Per Annum,SENIOR ADVANCE LEAD
"Harvey, Kendra E.",Employee,"$42,000.00 ",Per Annum,ENERGY AND ENVIRONMENT STAFF ASSISTANT 
"Harwood, Maria-Zena A.",Employee,"$43,616.00 ",Per Annum,RECORDS MANAGEMENT ANALYST
"Hassan, Zaid B.",Employee,"$42,000.00 ",Per Annum,STAFF ASSISTANT
"Hayes, Lindsay B.",Employee,"$50,000.00 ",Per Annum,DEPUTY DIRECTOR AND HOTEL PROGRAM DIRECTOR
"Hegde, Shilpa S.",Employee,"$60,000.00 ",Per Annum,ASSISTANT STAFF SECRETARY
"Heinzelman, Kate E.",Employee,"$112,000.00 ",Per Annum,ASSOCIATE COUNSEL
"Hendricks, Catherine L.",Employee,"$42,000.00 ",Per Annum,ANALYST
"Herwig, Paige L.",Employee,"$114,000.00 ",Per Annum,SPECIAL ASSISTANT TO THE PRESIDENT AND ASSOCIATE COUNSEL TO THE PRESIDENT
"Highsmith, Brian D.",Employee,"$50,000.00 ",Per Annum,POLICY ADVISOR
"Hoang, Vy T.",Employee,"$53,350.00 ",Per Annum,RECORDS MANAGEMENT ANALYST
"Hogan, Nancy D.",Employee,"$162,900.00 ",Per Annum,ASSISTANT TO THE PRESIDENT AND DIRECTOR OF PRESIDENTIAL PERSONNEL
"Holzer, Benjamin S.",Employee,"$100,000.00 ",Per Annum,SPECIAL ASSISTANT TO THE PRESIDENT AND DIRECTOR OF RESEARCH
"Houshower, Samuel B.",Employee,"$60,000.00 ",Per Annum,ASSISTANT COUNSEL OF ETHICS
"Hsu, Irene ",Employee,"$55,000.00 ",Per Annum,SPECIAL ASSISTANT TO THE DIRECTOR OF INTERGOVERNMENTAL AFFAIRS
"Hull, Carolyn A.",Employee,"$42,565.00 ",Per Annum,SENIOR ANALYST
"Hunn, Allison D. ",Employee,"$42,000.00 ",Per Annum,EXECUTIVE ASSISTANT
"Hunt, Thomas F.",Employee,"$42,000.00 ",Per Annum,STAFF ASSISTANT
"Hurwitz, Sarah K.",Employee,"$100,000.00 ",Per Annum,"SPECIAL ASSISTANT TO THE PRESIDENT, SENIOR ADVISOR TO THE COUNCIL ON WOMEN AND GIRLS, AND SENIOR PRESIDENTIAL SPEECHWRITER"
"Inouye, Shinichi ",Employee,"$78,000.00 ",Per Annum,DIRECTOR OF SPECIALTY MEDIA
"Isaac, Nicole M.",Employee,"$115,000.00 ",Per Annum,SPECIAL ASSISTANT TO THE PRESIDENT FOR LEGISLATIVE AFFAIRS
"Jackson, Bartlett W.",Employee,"$45,000.00 ",Per Annum,VETTER
"Jackson, Theresa R.",Employee,"$66,335.00 ",Per Annum,INFORMATION SERVICES OPERATOR
"James, Jewel A.",Employee,"$92,000.00 ",Per Annum,SPECIAL ASSISTANT TO THE PRESIDENT FOR INTERGOVERNMENTAL AFFAIRS
"Jarrett, Valerie B.",Employee,"$172,200.00 ",Per Annum,SENIOR ADVISOR AND ASSISTANT TO THE PRESIDENT FOR INTERGOVERNMENTAL AFFAIRS AND PUBLIC ENGAGEMENT
"Jarvis, Kristen E.",Employee,"$65,000.00 ",Per Annum,DEPUTY DIRECTOR OF ADVANCE AND TRAVELING AIDE FOR THE FIRST LADY
"Jenkins, Bradley L.",Employee,"$65,000.00 ",Per Annum,ASSOCIATE DIRECTOR
"Jimenez, Luis A.",Employee,"$130,500.00 ",Per Annum,SPECIAL ASSISTANT TO THE PRESIDENT FOR LEGISLATIVE AFFAIRS
"Johnson, Guy A.",Detailee,"$92,001.00 ",Per Annum,SENIOR POLICY ADVISOR
"Johnson, Linda M.",Employee,"$68,230.00 ",Per Annum,INFORMATION SERVICES OPERATOR
"Jones, Crystal B.",Employee,"$89,846.00 ",Per Annum,"ASSISTANT SUPERVISOR, DOCUMENT MANAGEMENT AND TRACKING UNIT"
"Jones, Isabel C.",Employee,"$42,000.00 ",Per Annum,STAFF ASSISTANT
"Jones, Kristin T.",Employee,"$55,000.00 ",Per Annum,PERSONAL AIDE TO THE FIRST LADY AND EAST WING OPERATIONS COORDINATOR
"Jones, Takesha R.",Employee,"$48,303.00 ",Per Annum,INFORMATION SERVICES OPERATOR
"Kalbaugh, David E.",Employee,"$140,259.00 ",Per Annum,EXECUTIVE CLERK
"Kale, Katy A.",Employee,"$172,200.00 ",Per Annum,ASSISTANT TO THE PRESIDENT FOR MANAGEMENT AND ADMINISTRATION
"Kang, Christopher D.",Employee,"$135,000.00 ",Per Annum,SPECIAL ASSISTANT TO THE PRESIDENT AND SENIOR COUNSEL TO THE PRESIDENT
"Kass, Samuel D.",Employee,"$125,000.00 ",Per Annum,EXECUTIVE DIRECTOR OF LET'S MOVE! AND SENIOR POLICY ADVISOR FOR NUTRITION POLICY
"Katz-Hernandez, Leah B.",Employee,"$42,000.00 ",Per Annum,RESEARCH ASSOCIATE
"Keenan, Cody S.",Employee,"$172,200.00 ",Per Annum,ASSISTANT TO THE PRESIDENT AND DIRECTOR OF SPEECHWRITING
"Keeney, Andrew J.",Employee,"$45,000.00 ",Per Annum,COORDINATOR
"Kellermann, Sarah A.",Employee,"$45,000.00 ",Per Annum,COORDINATOR
"Kelly, Allison K.",Employee,"$50,000.00 ",Per Annum,ASSISTANT DIRECTOR FOR VETTING
"Kelly, Elizabeth A.",Employee,$0.00 ,Per Annum,POLICY ADVISOR
"Kelly, Lauren M.",Employee,"$55,000.00 ",Per Annum,DEPUTY ASSOCIATE DIRECTOR
"Kelly, Nijah C.",Employee,"$43,616.00 ",Per Annum,INFORMATION SERVICES OPERATOR
"Kelly, Zachary M.",Employee,"$50,000.00 ",Per Annum,SPECIAL ASSISTANT TO THE DEPUTY CHIEF OF STAFF
"Kiernan, Leslie B.",Employee,"$158,500.00 ",Per Annum,DEPUTY ASSISTANT TO THE PRESIDENT AND DEPUTY COUNSEL TO THE PRESIDENT
"Kimball, Chase E.",Employee,"$42,000.00 ",Per Annum,ANALYST
"Kimball, Emilie A.",Employee,"$42,565.00 ",Per Annum,SENIOR ANALYST
"King, Taeshonnda C.",Employee,"$61,952.00 ",Per Annum,RECORDS MANAGEMENT ANALYST
"Kissinger, Alexa M.",Employee,"$42,000.00 ",Per Annum,OUTREACH AND RECRUITMENT STAFF ASSISTANT
"Kline, Lacy R.",Employee,"$50,000.00 ",Per Annum,SPECIAL ASSISTANT
"Kolachalam, Namrata ",Employee,"$45,000.00 ",Per Annum,DEPUTY ASSISTANT DIRECTOR OF BROADCAST MEDIA
"Koo, Stacy J.",Employee,"$75,000.00 ",Per Annum,DEPUTY CHIEF OF STAFF FOR PRESIDENTIAL PERSONNEL
"Kramer, Douglas J.",Employee,"$158,500.00 ",Per Annum,DEPUTY ASSISTANT TO THE PRESIDENT AND STAFF SECRETARY
"Krueger, Benjamin S.",Employee,"$42,000.00 ",Per Annum,ANALYST
"Kulma, Monika ",Employee,"$47,500.00 ",Per Annum,ASSOCIATE DIRECTOR FOR FINANCE
"Kvaal, James R.",Employee,"$158,500.00 ",Per Annum,DEPUTY ASSISTANT TO THE PRESIDENT AND DEPUTY DIRECTOR OF THE DOMESTIC POLICY COUNCIL
"Lambrew, Jeanne M.",Employee,"$158,500.00 ",Per Annum,DEPUTY ASSISTANT TO THE PRESIDENT FOR HEALTH POLICY
"Langner, Emily R.",Employee,"$60,000.00 ",Per Annum,ASSISTANT STAFF SECRETARY
"Larrimore, Zachary T.",Employee,"$42,000.00 ",Per Annum,ANALYST
"Lartey, Solomon D.",Employee,"$60,232.00 ",Per Annum,RECORDS MANAGEMENT ANALYST
"Lechtenberg, Tyler A.",Employee,"$70,000.00 ",Per Annum,PRESIDENTIAL SPEECHWRITER
"Ledbetter, Howli J.",Employee,"$57,500.00 ",Per Annum,SPECIAL ASSISTANT TO THE PRESS SECRETARY
"Lee, Jesse C.",Employee,"$72,500.00 ",Per Annum,DIRECTOR OF PROGRESSIVE MEDIA AND ONLINE RESPONSE
"Lee, Marisa R.",Detailee,"$105,211.00 ",Per Annum,SENIOR POLICY ADVISOR
"Lee, Monica M.",Employee,"$42,000.00 ",Per Annum,PRESS ASSISTANT
"Lee, Stephanie A.",Employee,"$60,000.00 ",Per Annum,DEPUTY DIRECTOR OF SCHEDULING
"Lehrich, Matthew A.",Employee,"$84,250.00 ",Per Annum,ASSISTANT PRESS SECRETARY
"Leibenluft, Jacob D.",Employee,"$105,000.00 ",Per Annum,SPECIAL ASSISTANT TO THE PRESIDENT FOR ECONOMIC POLICY
"Leinwand, Jessica B.",Employee,"$99,000.00 ",Per Annum,DEPUTY ASSOCIATE COUNSEL
"Leonard, Shelley D.",Detailee,"$123,758.00 ",Per Annum,CLEARANCE COUNSEL
"Lesko, Max S.",Employee,"$55,000.00 ",Per Annum,DOMESTIC DIRECTOR FOR PRESIDENTIAL PERSONNEL
"Lessne, Allison B.",Employee,"$50,000.00 ",Per Annum,SPECIAL ASSISTANT TO THE DIRECTOR OF THE NATIONAL ECONOMIC COUNCIL
"Levine, Sarah L.",Employee,"$130,500.00 ",Per Annum,SPECIAL ASSISTANT TO THE PRESIDENT AND ASSOCIATE COUNSEL TO THE PRESIDENT
"Levy, Noemie C.",Employee,"$45,000.00 ",Per Annum,POLICY ASSISTANT
"Lewis, Kevin S.",Employee,"$78,000.00 ",Per Annum,DIRECTOR OF AFRICAN-AMERICAN MEDIA
"Lezotte, Darin R.",Employee,"$64,439.00 ",Per Annum,RECORDS MANAGEMENT ANALYST
"Liddell-Westefeld, Christopher S. ",Employee,"$60,000.00 ",Per Annum,ASSISTANT STAFF SECRETARY
"Lierman, Kyle J.",Employee,"$42,000.00 ",Per Annum,PUBLIC ENGAGEMENT LIAISON
"Lillie, Jordan N.",Employee,"$50,000.00 ",Per Annum,SENIOR WRITER
"Lindsay, Erin E.",Employee,"$62,500.00 ",Per Annum,DEPUTY DIRECTOR OF ONLINE ENGAGEMENT
"Litt, David M.",Employee,"$65,000.00 ",Per Annum,PRESIDENTIAL SPEECHWRITER
"Lorjuste, Gregory ",Employee,"$68,000.00 ",Per Annum,DEPUTY DIRECTOR OF SCHEDULING
"Lubin, Nathaniel J.",Employee,"$80,000.00 ",Per Annum,DEPUTY DIRECTOR OF DIGITAL STRATEGY
"Luck, Deatrice N.",Employee,"$48,303.00 ",Per Annum,INFORMATION SERVICES OPERATOR
"MacFarquhar, Rory A.",Employee,"$110,500.00 ",Per Annum,DIRECTOR
"Maher, Jessica A.",Employee,"$115,000.00 ",Per Annum,SPECIAL ASSISTANT TO THE PRESIDENT FOR LEGISLATIVE AFFAIRS
"Mahoney, Caitria L.",Employee,"$50,000.00 ",Per Annum,SPECIAL ASSISTANT TO THE DEPUTY SENIOR ADVISOR FOR COMMUNICATIONS AND STRATEGY
"Main, Galen E.",Employee,"$50,000.00 ",Per Annum,ASSISTANT DIRECTOR
"Maley, Keith R.",Employee,"$70,000.00 ",Per Annum,REGIONAL COMMUNICATIONS DIRECTOR
"Maltby, Jeremy",Employee,"$135,000.00 ",Per Annum,SPECIAL ASSISTANT TO THE PRESIDENT AND SENIOR COUNSEL TO THE PRESIDENT
"Marquez, Laura R.",Detailee,"$132,009.00 ",Per Annum,OUTREACH AND RECRUITMENT DIRECTOR FOR PRESIDENTIAL PERSONNEL
"Martin, Darren D.",Employee,"$42,000.00 ",Per Annum,ANALYST
"Maska, Johanna M.",Employee,"$80,000.00 ",Per Annum,DEPUTY DIRECTOR OF ADVANCE AND DIRECTOR OF PRESS ADVANCE
"Mastromonaco, Alyssa M.",Employee,"$172,200.00 ",Per Annum,ASSISTANT TO THE PRESIDENT AND DEPUTY CHIEF OF STAFF FOR OPERATIONS
"Mattson, Philip C.",Employee,"$61,952.00 ",Per Annum,SPECIAL ASSISTANT
"Matusiak, Ari A.",Employee,"$115,000.00 ",Per Annum,SPECIAL ASSISTANT TO THE PRESIDENT AND DIRECTOR OF PRIVATE SECTOR ENGAGEMENT
"McAllister, Matthew J.",Employee,"$42,000.00 ",Per Annum,OPERATIONS STAFF ASSISTANT
"McBride, Jonathan D.",Employee,"$130,000.00 ",Per Annum,DEPUTY ASSISTANT TO THE PRESIDENT AND DEPUTY DIRECTOR OF PRESIDENTIAL PERSONNEL
"McCarthy, Brayden T.",Employee,"$60,000.00 ",Per Annum,SENIOR POLICY ADVISOR
"McCathran, William W.",Employee,"$106,839.00 ",Per Annum,ASSISTANT EXECUTIVE CLERK
"McCombs, Claire E.",Employee,"$50,000.00 ",Per Annum,EXECUTIVE ASSISTANT
"McCullough, Duncan J.",Employee,"$45,000.00 ",Per Annum,COORDINATOR
"McDonough, Denis R.",Employee,"$172,200.00 ",Per Annum,ASSISTANT TO THE PRESIDENT AND CHIEF OF STAFF
"McGuinness, Tara D.",Employee,"$100,000.00 ",Per Annum,SENIOR COMMUNICATIONS ADVISOR
"McHaney, Cynthia Y.",Employee,"$42,000.00 ",Per Annum,INFORMATION SERVICES OPERATOR
"McLaughlin, Margaret T.",Employee,"$120,000.00 ",Per Annum,SPECIAL ASSISTANT TO THE PRESIDENT AND CHIEF OF STAFF FOR PRESIDENTIAL PERSONNEL
"McMahon, Collin T.",Employee,"$113,000.00 ",Per Annum,SPECIAL ASSISTANT TO THE PRESIDENT FOR PRESIDENTIAL PERSONNEL
"McNamara Lawder, Claudia ",Employee,"$42,000.00 ",Per Annum,ASSISTANT FOR ARRANGEMENTS
"McNaught, John D.",Employee,"$42,000.00 ",Per Annum,ECONOMICS STAFF ASSISTANT
"McQuaid, Nicholas L.",Detailee,"$117,637.00 ",Per Annum,DEPUTY ASSOCIATE COUNSEL
"McSwain, Jr., Michael S.",Employee,"$41,000.00 ",Per Annum,ASSOCIATE DIRECTOR FOR SCHEDULING CORRESPONDENCE
"Mechaber, Ezra L.",Employee,"$41,000.00 ",Per Annum,ASSOCIATE DIRECTOR OF ONLINE ENGAGEMENT
"Mehrbani, Rodin A.",Detailee,"$132,009.00 ",Per Annum,DOMESTIC DIRECTOR FOR PRESIDENTIAL PERSONNEL
"Merrick, Kelsey R.",Employee,"$50,000.00 ",Per Annum,POLICY ADVISOR
"Miller, Jason S.",Employee,"$120,000.00 ",Per Annum,SPECIAL ASSISTANT TO THE PRESIDENT FOR MANUFACTURING POLICY
"Millison, Chad L.",Employee,"$61,952.00 ",Per Annum,RECORDS MANAGEMENT ANALYST
"Minsk, Ronald E.",Employee,"$130,500.00 ",Per Annum,SPECIAL ASSISTANT TO THE PRESIDENT FOR ENERGY AND ENVIRONMENT
"Miterko, Kelly C.",Employee,"$55,000.00 ",Per Annum,DEPUTY ASSOCIATE DIRECTOR OF LET'S MOVE!
"Mokros, Andrea K.",Employee,"$103,000.00 ",Per Annum,SPECIAL ASSISTANT TO THE PRESIDENT AND DIRECTOR OF STRATEGIC PLANNING
"Monaco, Lisa O.",Employee,"$172,200.00 ",Per Annum,ASSISTANT TO THE PRESIDENT FOR HOMELAND SECURITY AND COUNTERTERRORISM AND DEPUTY NATIONAL SECURITY ADVISOR
"Monje, Jr., Carlos A.",Employee,"$120,000.00 ",Per Annum,SPECIAL ASSISTANT TO THE PRESIDENT AND CHIEF OF STAFF OF THE DOMESTIC POLICY COUNCIL
"Monteiro, Darron P.",Employee,"$65,000.00 ",Per Annum,PUBLIC ENGAGEMENT ADVISOR
"Montoya, Elisa D.",Detailee,"$162,400.00 ",Per Annum,NATIONAL SECURITY DIRECTOR FOR PRESIDENTIAL PERSONNEL
"Montz, Ellen J.",Employee,"$70,000.00 ",Per Annum,POLICY ADVISOR
"Moose, Amanda D.",Employee,"$113,000.00 ",Per Annum,SPECIAL ASSISTANT TO THE PRESIDENT FOR PRESIDENTIAL PERSONNEL
"Morales, Esther F.",Detailee,"$108,717.00 ",Per Annum,ASSOCIATE DIRECTOR FOR POLICY
"Morales, Ricardo O.",Detailee,"$116,535.00 ",Per Annum,"EXECUTIVE DIRECTOR, JOINING FORCES"
"Moran, Tyler T.",Employee,"$80,000.00 ",Per Annum,DEPUTY POLICY DIRECTOR FOR IMMIGRATION
"Moscoso, Patricia G.",Employee,"$45,000.00 ",Per Annum,LEGISLATIVE ASSISTANT
"Mosteller, Brian D.",Employee,"$95,000.00 ",Per Annum,DIRECTOR OF OVAL OFFICE OPERATIONS
"Muffler, Richard T.",Employee,"$94,372.00 ",Per Annum,CALLIGRAPHER
"Mulhall, Erin C.",Employee,"$50,000.00 ",Per Annum,PRESS LEAD
"Mu�oz, Cecilia ",Employee,"$172,200.00 ",Per Annum,ASSISTANT TO THE PRESIDENT AND DIRECTOR OF THE DOMESTIC POLICY COUNCIL
"Myricks, Shannon L.",Employee,"$43,616.00 ",Per Annum,INFORMATION SERVICES OPERATOR
"Nabors, II, Robert L.",Employee,"$172,200.00 ",Per Annum,ASSISTANT TO THE PRESIDENT AND DEPUTY CHIEF OF STAFF FOR POLICY
"Neiman, Wanda M.",Employee,"$77,040.00 ",Per Annum,ASSISTANT TO THE EXECUTIVE CLERK
"Nelson, Elizabeth W.",Employee,"$83,000.00 ",Per Annum,PRINCIPAL DEPUTY DIRECTOR OF SCHEDULING AND SCHEDULING MANAGER
"Nelson, Gregory S.",Employee,"$120,000.00 ",Per Annum,CHIEF OF STAFF OF THE NATIONAL ECONOMIC COUNCIL
"Nicholson, Jr., Marvin D.",Employee,"$130,000.00 ",Per Annum,"SPECIAL ASSISTANT TO THE PRESIDENT, TRIP DIRECTOR AND PERSONAL AIDE TO THE PRESIDENT"
"Noble, David L.",Employee,"$113,000.00 ",Per Annum,SPECIAL ASSISTANT TO THE PRESIDENT FOR PRESIDENTIAL PERSONNEL
"Norris, Amanda J.",Employee,"$42,000.00 ",Per Annum,STAFF ASSISTANT
"Noyes, Diana L.",Employee,"$60,000.00 ",Per Annum,DIRECTOR OF RESEARCH
"O'Connor, Kyle P.",Employee,"$100,000.00 ",Per Annum,SPECIAL ASSISTANT TO THE PRESIDENT AND DEPUTY DIRECTOR OF SPEECHWRITING
"Ogden, Peter R.",Employee,"$95,000.00 ",Per Annum,SENIOR POLICY DIRECTOR
"O'Neil, Michael P.",Employee,"$100,000.00 ",Per Annum,"SPECIAL ASSISTANT TO THE PRESIDENT AND DIRECTOR OF SPECIAL PROJECTS, OFFICE OF THE CHIEF OF STAFF"
"Owens, Maurice M.",Employee,"$60,000.00 ",Per Annum,SPECIAL ASSISTANT TO THE CHIEF OF STAFF
"Owens, Rodrick T.",Employee,"$42,565.00 ",Per Annum,SENIOR ANALYST
"Pagano, Jules E.",Employee,"$158,500.00 ",Per Annum,DEPUTY ASSISTANT TO THE PRESIDENT FOR LEGISLATIVE AFFAIRS AND SENATE LIAISON
"Paige, Lauren R.",Employee,"$95,000.00 ",Per Annum,SPECIAL ASSISTANT TO THE PRESIDENT AND DIRECTOR OF MESSAGE PLANNING
"Palmieri, Jennifer M.",Employee,"$172,200.00 ",Per Annum,ASSISTANT TO THE PRESIDENT AND DIRECTOR OF COMMUNICATIONS
"Pan, Elizabeth H.",Employee,"$42,000.00 ",Per Annum,STAFF ASSISTANT
"Pappas, Louis S.",Employee,"$60,000.00 ",Per Annum,SENIOR LEGAL ASSISTANT
"Parker, Doris D.",Employee,"$84,855.00 ",Per Annum,ASSISTANT SUPERVISOR OF CLASSIFICATION
"Parker, JaLynda L.",Detailee,"$108,717.00 ",Per Annum,DEPUTY ASSOCIATE COUNSEL FOR PRESIDENTIAL PERSONNEL
"Pate, Brian E.",Employee,"$55,070.00 ",Per Annum,ASSISTANT TO THE EXECUTIVE CLERK
"Paulsen, Joseph B.",Employee,"$85,000.00 ",Per Annum,SPECIAL ASSISTANT TO THE PRESIDENT AND SENIOR ADVISOR TO THE DEPUTY CHIEF OF STAFF
"Payne, John H.",Employee,"$42,565.00 ",Per Annum,SENIOR ANALYST
"Pearlman, Amanda J.",Detailee,"$74,872.00 ",Per Annum,"ASSOCIATE DIRECTOR FOR POLICY, LET'S MOVE!"
"Peele, Christian B.",Employee,"$65,000.00 ",Per Annum,DEPUTY DIRECTOR FOR OPERATIONS  
"P�rez, Alejandro ",Employee,"$130,500.00 ",Per Annum,SPECIAL ASSISTANT TO THE PRESIDENT FOR LEGISLATIVE AFFAIRS
"Perkins, Nathaniel M.",Employee,"$50,000.00 ",Per Annum,SPECIAL ASSISTANT TO THE DIRECTOR
"Perry, Seamus T.",Employee,"$47,500.00 ",Per Annum,ASSOCIATE DIRECTOR AND TRIP MANAGER
"Pfeiffer, Howard D.",Employee,"$172,200.00 ",Per Annum,ASSISTANT TO THE PRESIDENT AND SENIOR ADVISOR
"Phadke, Shilpa D.",Employee,"$110,000.00 ",Per Annum,SPECIAL ASSISTANT TO THE PRESIDENT AND SENIOR DIRECTOR OF CABINET AFFAIRS
"Phillips, Niara E.",Employee,"$42,000.00 ",Per Annum,OUTREACH AND RECRUITMENT STAFF ASSISTANT
"Phillips, III, Robert M.",Employee,"$115,000.00 ",Per Annum,SPECIAL ASSISTANT TO THE PRESIDENT AND DIRECTOR OF DIGITAL STRATEGY
"Platkin, Alexandra R.",Employee,"$70,000.00 ",Per Annum,DEPUTY DIRECTOR
"Platt, Katherine A.",Employee,"$115,000.00 ",Per Annum,SPECIAL ASSISTANT TO THE PRESIDENT FOR MANAGEMENT AND ADMINISTRATION
"Pojman, Natalie R.",Employee,"$55,000.00 ",Per Annum,DEPUTY PRESS SECRETARY AND EXECUTIVE SECRETARY
"Pollack, Joshua D.",Employee,"$102,000.00 ",Per Annum,SPECIAL ASSISTANT TO THE PRESIDENT FOR LEGISLATIVE AFFAIRS
"Presser, Jeremy S.",Employee,"$80,000.00 ",Per Annum,DEPUTY ASSOCIATE COUNSEL FOR PRESIDENTIAL PERSONNEL
"Pyle, Michael J.",Employee,"$130,500.00 ",Per Annum,SPECIAL ASSISTANT TO THE PRESIDENT FOR ECONOMIC POLICY
"Quillian, Natalie H.",Employee,"$120,000.00 ",Per Annum,SPECIAL ASSISTANT TO THE PRESIDENT AND ADVISOR TO THE CHIEF OF STAFF
"Racusen, Rachel J.",Employee,"$87,000.00 ",Per Annum,ASSOCIATE COMMUNICATIONS DIRECTOR
"Raghavan, Gautam ",Employee,"$65,000.00 ",Per Annum,PUBLIC ENGAGEMENT ADVISOR
"Raizk, Paul S.",Employee,"$113,605.00 ",Per Annum,DEPUTY DIRECTOR OF RECORDS MANAGEMENT
"Rakestraw, London C.",Employee,"$45,000.00 ",Per Annum,LEGISLATIVE ASSISTANT AND ASSISTANT TO THE HOUSE LIAISON
"Raman, Aneesh V.",Employee,"$70,000.00 ",Per Annum,PRESIDENTIAL SPEECHWRITER
"Ramsey, Ryan P.",Employee,"$55,000.00 ",Per Annum,OUTREACH AND RECRUITMENT DIRECTOR (CONGRESSIONAL)
"Rana, Yasmin S.",Employee,"$45,024.00 ",Per Annum,INFORMATION SERVICES OPERATOR
"Randle, Cole A.",Employee,"$47,000.00 ",Per Annum,ASSOCIATE DIRECTOR FOR TRAVEL PLANNING
"Rangel, Antoinette N.",Employee,"$55,000.00 ",Per Annum,DEPUTY DIRECTOR OF HISPANIC MEDIA
"Reeves, Fiona O.",Employee,"$110,000.00 ",Per Annum,SPECIAL ASSISTANT TO THE PRESIDENT AND DIRECTOR OF PRESIDENTIAL CORRESPONDENCE
"Reinarman, Blair C.",Employee,"$55,000.00 ",Per Annum,ECONOMICS DIRECTOR
"Rhodes, Benjamin J.",Employee,"$150,000.00 ",Per Annum,"DEPUTY ASSISTANT TO THE PRESIDENT, DEPUTY NATIONAL SECURITY ADVISOR FOR STRATEGIC COMMUNICATIONS AND SPEECHWRITING"
"Richardson, Karen E.",Employee,"$65,000.00 ",Per Annum,PUBLIC ENGAGEMENT ADVISOR
"Riesen, Peter A.",Detailee,"$148,510.00 ",Per Annum,ETHICS COUNSEL
"Roach, Cynthia L.",Employee,"$103,872.00 ",Per Annum,SUPERVISOR OF CLASSIFICATION
"Roberts, Brian D.",Employee,"$42,000.00 ",Per Annum,ANALYST
"Robertson, Dominique E.",Employee,"$42,000.00 ",Per Annum,STAFF ASSISTANT
"Robertson, Michael J.",Employee,"$120,000.00 ",Per Annum,DEPUTY ASSISTANT TO THE PRESIDENT AND DEPUTY CABINET SECRETARY
"Robinson, Derrick J.",Employee,"$45,000.00 ",Per Annum,VETTER
"Robinson, Tonya T.",Employee,"$100,000.00 ",Per Annum,SPECIAL ASSISTANT TO THE PRESIDENT FOR JUSTICE AND REGULATORY POLICY
"Roddick, Gertrude A.",Employee,"$92,341.00 ",Per Annum,PRESIDENTIAL SUPPORT SPECIALIST
"Rodriguez, Julie C.",Employee,"$65,000.00 ",Per Annum,PUBLIC ENGAGEMENT ADVISOR
"Rodriguez, Miguel E.",Employee,"$172,200.00 ",Per Annum,"ASSISTANT TO THE PRESIDENT AND DIRECTOR, OFFICE OF LEGISLATIVE AFFAIRS"
"Rodriguez, Roberto J.",Employee,"$120,000.00 ",Per Annum,SPECIAL ASSISTANT TO THE PRESIDENT FOR EDUCATION POLICY
"Rogers, Melissa ",Employee,"$100,000.00 ",Per Annum,SPECIAL ASSISTANT TO THE PRESIDENT AND EXECUTIVE DIRECTOR OF THE WHITE HOUSE OFFICE OF FAITH-BASED AND NEIGHBORHOOD PARTNERSHIPS
"Rooney, Megan E. ",Employee,"$75,000.00 ",Per Annum,SENIOR PRESIDENTIAL SPEECHWRITER
"Rosa, Luke B.",Employee,"$45,000.00 ",Per Annum,ADVANCE COORDINATOR
"Rosholm, Joanna S.",Employee,"$70,000.00 ",Per Annum,REGIONAL COMMUNICATIONS DIRECTOR
"Rouse, Peter M.",Employee,"$172,200.00 ",Per Annum,COUNSELOR TO THE PRESIDENT
"Ruemmler, Kathryn H.",Employee,"$172,200.00 ",Per Annum,ASSISTANT TO THE PRESIDENT AND COUNSEL TO THE PRESIDENT
"Russell, Racquel S.",Employee,"$120,000.00 ",Per Annum,DEPUTY ASSISTANT TO THE PRESIDENT FOR URBAN AFFAIRS AND ECONOMIC MOBILITY
"Sahgal, Rishi R.",Employee,"$99,000.00 ",Per Annum,DEPUTY ASSOCIATE COUNSEL
"Samuels, Jonathan D.",Employee,"$158,500.00 ",Per Annum,DEPUTY ASSISTANT TO THE PRESIDENT FOR LEGISLATIVE AFFAIRS AND HOUSE LIAISON
"Samuels, Jr., Wendell A.",Employee,"$66,335.00 ",Per Annum,RECORDS SYSTEMS ANALYST
"Samuelson, Heather F.",Detailee,"$123,758.00 ",Per Annum,ASSISTANT COUNSEL  
"Sanchez, Roque T.",Employee,"$45,000.00 ",Per Annum,POLICY ANALYST
"Sandler, David J.",Employee,"$114,000.00 ",Per Annum,SPECIAL ASSISTANT TO THE PRESIDENT AND ASSOCIATE COUNSEL TO THE PRESIDENT
"Sass, Joan C.",Employee,"$60,232.00 ",Per Annum,INFORMATION SERVICES OPERATOR
"Satkowiak, Karly M.",Employee,"$45,000.00 ",Per Annum,ASSOCIATE DIRECTOR AND SCHEDULING RESEARCHER
"Schafer, Ellie S.",Employee,"$100,000.00 ",Per Annum,SPECIAL ASSISTANT TO THE PRESIDENT AND DIRECTOR OF VISITORS OFFICE
"Schake, Kristina K.",Employee,"$114,000.00 ",Per Annum,SPECIAL ASSISTANT TO THE PRESIDENT AND DIRECTOR OF COMMUNICATIONS FOR THE FIRST LADY
"Schaub, Matthew J.",Employee,"$50,000.00 ",Per Annum,ASSISTANT DIRECTOR
"Schmuck, Robert E.",Employee,"$85,000.00 ",Per Annum,SPECIAL ASSISTANT TO THE PRESIDENT AND SENIOR ADVISOR TO THE DEPUTY CHIEF OF STAFF
"Schneir, Hallie R.",Employee,"$65,000.00 ",Per Annum,ASSOCIATE DIRECTOR OF PUBLIC ENGAGEMENT
"Schuelke, Gregory L.",Employee,"$42,000.00 ",Per Annum,ANALYST
"Schulman, Kori S.",Employee,"$72,500.00 ",Per Annum,DIRECTOR OF ONLINE ENGAGEMENT
"Schultz, Eric H.",Employee,"$103,000.00 ",Per Annum,SPECIAL ASSISTANT TO THE PRESIDENT AND DEPUTY PRESS SECRETARY
"Schumer, Jessica E.",Employee,"$70,000.00 ",Per Annum,SENIOR POLICY ADVISOR AND DEPUTY CHIEF OF STAFF OF THE NATIONAL ECONOMIC COUNCIL
"Selak, Dawn M.",Employee,"$57,500.00 ",Per Annum,EXECUTIVE ASSISTANT
"Selfridge, Peter A.",Employee,"$130,000.00 ",Per Annum,DEPUTY ASSISTANT TO THE PRESIDENT AND DIRECTOR OF ADVANCE AND OPERATIONS
"Sharma, Avin P.",Detailee,"$119,238.00 ",Per Annum,ECONOMICS DIRECTOR FOR PRESIDENTIAL PERSONNEL
"Shevlin, Paige L.",Employee,"$60,000.00 ",Per Annum,POLICY ADVISOR
"Showers, Wendy W.",Employee,"$87,350.00 ",Per Annum,PRESIDENTIAL SUPPORT SPECIALIST
"Siegel, Avra C.",Employee,"$65,000.00 ",Per Annum,DEPUTY EXECUTIVE DIRECTOR FOR THE COUNCIL ON WOMEN AND GIRLS
"Simas, David M.",Employee,"$172,200.00 ",Per Annum,ASSISTANT TO THE PRESIDENT AND DEPUTY SENIOR ADVISOR FOR COMMUNICATIONS AND STRATEGY
"Simon, Jennifer J.",Employee,"$90,000.00 ",Per Annum,DIRECTOR OF INTERNATIONAL AFFAIRS AND SENIOR POLICY ADVISOR
"Siskel, Edward N.",Employee,"$158,500.00 ",Per Annum,DEPUTY ASSISTANT TO THE PRESIDENT AND DEPUTY COUNSEL TO THE PRESIDENT
"Slack, Megan ",Employee,"$62,500.00 ",Per Annum,DEPUTY DIRECTOR OF DIGITAL CONTENT
"Smith, Jamie E.",Employee,"$110,500.00 ",Per Annum,SPECIAL ASSISTANT TO THE PRESIDENT AND DEPUTY PRESS SECRETARY
"Smith, Jason J.",Employee,"$90,000.00 ",Per Annum,"DEPUTY DIRECTOR, PRESIDENTIAL CORRESPONDENCE"
"Sobel, Charlie J.",Employee,"$72,000.00 ",Per Annum,DIRECTOR OF TECHNOLOGY
"Sperling, Eugene B.",Employee,"$172,200.00 ",Per Annum,ASSISTANT TO THE PRESIDENT FOR ECONOMIC POLICY AND DIRECTOR OF THE NATIONAL ECONOMIC COUNCIL
"Spooner, Sarah C.",Employee,"$42,565.00 ",Per Annum,SENIOR ANALYST
"Starr, Kodiak H.",Employee,"$72,500.00 ",Per Annum,NEW MEDIA CREATIVE DIRECTOR
"Stephens, Jeffrey M.",Employee,"$90,000.00 ",Per Annum,SENIOR CONFIRMATIONS ADVISOR
"Stone, Wandra E.",Employee,"$112,774.00 ",Per Annum,SUPERVISOR OF SEARCH AND FILE
"Stout, Jennifer P.",Employee,"$130,500.00 ",Per Annum,SPECIAL ASSISTANT TO THE PRESIDENT FOR LEGISLATIVE AFFAIRS
"Su, Chun-Wei J.",Employee,"$130,500.00 ",Per Annum,SPECIAL ASSISTANT TO THE PRESIDENT AND SPECIAL COUNSEL TO THE PRESIDENT
"Sullivan, Sarah E.",Employee,"$41,000.00 ",Per Annum,SENIOR WRITER
"Suvor, Daniel R.",Detailee,"$89,033.00 ",Per Annum,SENIOR DIRECTOR OF CABINET AFFAIRS
"Swanson, Gregory C.",Employee,"$45,000.00 ",Per Annum,COORDINATOR
"Swartz, Samuel M.",Employee,"$50,000.00 ",Per Annum,SPECIAL ASSISTANT TO THE CABINET SECRETARY
"Taggart, Jr., Hugh T.",Employee,"$94,837.00 ",Per Annum,ASSISTANT SUPERVISOR OF SEARCH AND FILE
"Talwalker, Ajita R.",Employee,"$93,000.00 ",Per Annum,SENIOR POLICY ADVISOR FOR EDUCATION
"Tate, Lucas L.",Employee,"$85,000.00 ",Per Annum,SENIOR POLICY ADVISOR
"Tate-Gilmore, Ashley R.",Employee,"$75,000.00 ",Per Annum,DIRECTOR OF TRAVEL OFFICE
"Tchen, Christina M.",Employee,"$172,200.00 ",Per Annum,ASSISTANT TO THE PRESIDENT AND CHIEF OF STAFF TO THE FIRST LADY
"Teater, Louis D.",Employee,"$62,000.00 ",Per Annum,SENIOR ADVANCE LEAD
"Tedmon, Dirk A.",Employee,"$42,000.00 ",Per Annum,ANALYST
"Temaat, Stephanie M.",Employee,"$50,000.00 ",Per Annum,PRESS LEAD
"Then, Corey M.",Employee,"$80,000.00 ",Per Annum,DEPUTY ASSOCIATE COUNSEL FOR PRESIDENTIAL PERSONNEL
"Thomas, III, Edwin R.",Employee,"$100,904.00 ",Per Annum,ASSISTANT EXECUTIVE CLERK
"Thurston, Robin F.",Detailee,"$119,238.00 ",Per Annum,DEPUTY ASSOCIATE COUNSEL FOR PRESIDENTIAL PERSONNEL
"Tiller, Jeffrey D.",Employee,"$55,000.00 ",Per Annum,SENIOR PRESS LEAD
"Ting, Wayne H.",Employee,"$60,000.00 ",Per Annum,POLICY ADVISOR
"Trainor, Gregory T.",Employee,"$70,126.00 ",Per Annum,SPECIAL ASSISTANT
"Travis, Austin M.",Employee,"$45,000.00 ",Per Annum,EXECUTIVE ASSISTANT TO THE DIRECTOR OF SCHEDULING AND ADVANCE
"Trueblood, Kimberly P.",Employee,"$85,000.00 ",Per Annum,DIRECTOR OF OPERATIONS
"Tucker, Phyllis J.",Employee,"$97,936.00 ",Per Annum,SUPERVISOR OF COMPUTER ADMINISTRATION
"Turk, Andrea E.",Employee,"$85,000.00 ",Per Annum,DIRECTOR OF WHITE HOUSE SERVICES
"Utech, Dan G.",Employee,"$100,000.00 ",Per Annum,DEPUTY DIRECTOR FOR ENERGY AND CLIMATE CHANGE
"Valencia, Stephanie M.",Employee,"$120,000.00 ",Per Annum,SPECIAL ASSISTANT TO THE PRESIDENT AND PRINCIPAL DEPUTY DIRECTOR OF PUBLIC ENGAGEMENT
"Vargas, Katherine A.",Employee,"$78,000.00 ",Per Annum,DIRECTOR OF HISPANIC MEDIA
"Varghese, Elizabeth J.",Employee,"$46,745.00 ",Per Annum,RECORDS MANAGEMENT ANALYST
"Varghese, Maju S.",Employee,"$60,000.00 ",Per Annum,SENIOR ADVANCE LEAD
"Vasagam, Kamala M.",Employee,"$113,000.00 ",Per Annum,SPECIAL ASSISTANT TO THE PRESIDENT FOR PRESIDENTIAL PERSONNEL
"Vega, Dagoberto ",Employee,"$100,000.00 ",Per Annum,SPECIAL ASSISTANT TO THE PRESIDENT AND DIRECTOR OF BROADCAST MEDIA
"Velz, Peter T.",Employee,"$42,000.00 ",Per Annum,PRESS ASSISTANT
"Vogel, Matthew A.",Employee,"$130,500.00 ",Per Annum,SPECIAL ASSISTANT TO THE PRESIDENT FOR ECONOMIC POLICY
"Vrazilek, Lauren S.",Employee,"$42,000.00 ",Per Annum,DEPUTY ASSOCIATE DIRECTOR OF CORRESPONDENCE FOR THE FIRST LADY
"Wagstaff, Jesica E.",Employee,"$45,000.00 ",Per Annum,LEGISLATIVE ASSISTANT
"Wall, Alexander B.",Employee,"$47,500.00 ",Per Annum,ASSOCIATE DIRECTOR OF DIGITAL CONTENT
"Wall, Anne E.",Employee,"$130,500.00 ",Per Annum,SPECIAL ASSISTANT TO THE PRESIDENT FOR LEGISLATIVE AFFAIRS
"Wall, Mary C.",Employee,"$50,000.00 ",Per Annum,POLICY ASSISTANT
"Wang, Ya Wei",Employee,"$75,000.00 ",Per Annum,SPECIAL ASSISTANT TO THE CHIEF OF STAFF
"Wang-Levine, Adam Y.",Employee,"$55,080.00 ",Per Annum,POLICY ADVISOR
"Washington, Andrea J.",Employee,"$50,000.00 ",Per Annum,ASSISTANT DIRECTOR
"Welsch, Peter A.",Employee,"$62,500.00 ",Per Annum,DEPUTY DIRECTOR OF ONLINE PLATFORM
"Wertheimer, Clay S.",Employee,"$55,000.00 ",Per Annum,DEPUTY ASSOCIATE DIRECTOR
"Wheeler, Seth F.",Detailee,"$225,000.00 ",Per Annum,SENIOR POLICY ADVISOR
"Whithorne, Robert D.",Employee,"$50,000.00 ",Per Annum,WRITER
"Williams, Sherman A.",Employee,"$77,040.00 ",Per Annum,ASSISTANT TO THE EXECUTIVE CLERK
"Williamson, Justina R.",Employee,"$45,000.00 ",Per Annum,COORDINATOR
"Wilson, Taj N.",Employee,"$80,000.00 ",Per Annum,DEPUTY ASSOCIATE COUNSEL FOR PRESIDENTIAL PERSONNEL
"Winter, Melissa E.",Employee,"$132,000.00 ",Per Annum,DEPUTY ASSISTANT TO THE PRESIDENT AND SENIOR ADVISOR TO THE FIRST LADY
"Wong, Evelyn H.",Employee,"$60,000.00 ",Per Annum,SPEECHWRITER
"Wong, Frederick L.",Employee,"$42,000.00 ",Per Annum,DOMESTIC STAFF ASSISTANT
"Woodbury, Victoria M.",Employee,"$42,000.00 ",Per Annum,OUTREACH AND RECRUITMENT STAFF ASSISTANT
"Wright, Frank B.",Employee,"$42,000.00 ",Per Annum,STAFF ASSISTANT
"Wright, Jessica N.",Employee,"$130,000.00 ",Per Annum,DEPUTY ASSISTANT TO THE PRESIDENT AND DIRECTOR OF SCHEDULING
"Wu, Portia Y.",Employee,"$100,000.00 ",Per Annum,SPECIAL ASSISTANT TO THE PRESIDENT FOR LABOR AND WORKFORCE POLICY
"Wylie, Allison G.",Employee,"$42,000.00 ",Per Annum,STAFF ASSISTANT
"Young, Latoya A.",Employee,"$61,952.00 ",Per Annum,RECORDS MANAGEMENT ANALYST
"Young, Jr., Reginald D.",Employee,"$61,952.00 ",Per Annum,RECORDS MANAGEMENT ANALYST
"Young, Valerie A.",Employee,"$43,616.00 ",Per Annum,RECORDS MANAGEMENT ANALYST
"Zaidi, Ali A.",Employee,"$80,000.00 ",Per Annum,SENIOR DIRECTOR OF CABINET AFFAIRS
"Zarzuelo, Diane ",Employee,"$50,000.00 ",Per Annum,POLICY ASSISTANT FOR URBAN AFFAIRS AND ECONOMIC MOBILITY
"Zichal, Heather R.",Employee,"$140,000.00 ",Per Annum,DEPUTY ASSISTANT TO THE PRESIDENT FOR ENERGY AND CLIMATE CHANGE
